Time,y,Interpolate_Ip
8,0.005,5
9,0.005571429,5
10,0.005857143,5
11,0.006142857,6
12,0.006428571,6
13,0.006714286,6
14,0.007,7
15,,15
16,,25
17,,35
18,,40
19,,50
20,,60
21,,70
22,,90
23,,120
24,,130
25,,150
26,,180
27,,200
28,,250
29,,300
30,,350
31,,410
32,,470
33,,530
34,0.57,570
35,0.612857143,612
36,0.655714286,655
37,0.698571429,698
38,0.741428571,741
39,0.784285714,784
40,0.827142857,827
41,0.87,870
